user_id,username,timezone_id,created_at
1,"But01",77,"2022-03-26T23:35:57"
2,"The8",148,"2020-09-14T02:30:38"
3,"This6",77,"2022-06-02T14:04:24"
4,"So",82,"2021-04-05T03:06:25"
5,"als489",197,"2022-03-13T02:34:20"
6,"He28",11,"2022-11-15T13:56:49"
7,"I185",185,"2019-05-02T06:08:23"
8,"mans952",70,"2020-02-02T03:38:28"
9,"Not17",72,"2019-04-24T21:54:53"
10,"Who21",117,"2020-07-12T18:50:58"
11,"She5",119,"2019-11-19T12:31:19"
12,"You",152,"2020-12-03T16:20:21"
13,"But082",59,"2022-01-16T07:13:29"
14,"whime30",171,"2020-10-28T00:09:47"
15,"He63",75,"2020-09-11T06:22:08"
16,"I88",108,"2020-06-08T09:04:53"
17,"The03",47,"2019-03-27T22:26:54"
18,"I0",10,"2022-01-19T04:33:18"
19,"alm5",108,"2022-02-11T11:39:16"
20,"wilike8",28,"2019-07-27T08:57:40"
21,"He664",193,"2021-02-05T00:24:14"
22,"therets81",12,"2019-10-17T13:23:45"
23,"igh51",39,"2022-01-20T20:54:54"
24,"thery976",206,"2021-04-05T18:40:44"
25,"You4",162,"2019-10-17T16:54:22"
26,"He646",201,"2020-01-26T18:51:46"
27,"I3",95,"2021-10-12T12:58:52"
28,"alled382",90,"2021-03-05T06:06:12"
29,"I386",174,"2020-01-06T14:04:06"
30,"Your",207,"2022-02-18T11:28:36"
31,"How",193,"2019-01-13T12:10:41"
32,"Your67",1,"2021-11-14T20:02:44"
33,"One34",98,"2022-06-02T20:30:20"
34,"The34",134,"2021-11-21T19:27:32"
35,"You234",35,"2021-01-26T03:48:25"
36,"noth54",165,"2021-05-28T14:55:46"
37,"It75",88,"2021-09-05T21:53:41"
38,"The",178,"2019-02-10T12:06:20"
39,"This79",133,"2019-10-25T12:27:32"
40,"The",1,"2019-10-31T12:36:37"
41,"The4",62,"2022-04-13T04:55:04"
42,"deat296",191,"2021-03-01T21:02:44"
43,"I",183,"2019-09-07T02:35:52"
44,"mangs7",55,"2022-06-04T12:51:01"
45,"She",53,"2019-08-23T01:02:51"
46,"He41",102,"2022-09-16T23:12:20"
47,"Your48",63,"2021-09-02T01:03:06"
48,"She",133,"2020-04-24T15:20:25"
49,"This8",86,"2022-09-30T17:38:38"
50,"The",183,"2022-01-24T02:21:02"
51,"saird83",56,"2020-02-06T11:51:06"
52,"The53",187,"2020-03-15T04:36:57"
53,"ung6",154,"2021-12-22T09:36:28"
54,"She5",177,"2019-12-22T21:54:53"
55,"spessil6",6,"2021-08-07T00:42:52"
56,"Not6",97,"2022-10-29T20:02:35"
57,"This44",92,"2021-02-01T04:52:00"
58,"You",201,"2022-01-12T19:37:41"
59,"In0",116,"2020-09-09T10:11:46"
60,"No",129,"2020-04-27T18:37:04"
61,"One4",165,"2019-07-12T09:40:27"
62,"lought24",145,"2020-09-24T18:41:04"
63,"So",189,"2020-04-19T14:03:20"
64,"She88",148,"2022-03-20T08:57:49"
65,"How2",45,"2019-11-30T01:29:42"
66,"I29",69,"2021-05-29T20:45:43"
67,"I",87,"2021-02-18T09:19:31"
68,"And",57,"2020-12-19T16:01:03"
69,"I3",79,"2021-09-09T16:06:56"
70,"mot244",132,"2022-06-30T04:53:57"
71,"So831",167,"2020-11-03T11:12:02"
72,"spating123",187,"2021-10-31T07:07:43"
73,"sesuity686",126,"2020-04-01T04:47:29"
74,"But664",72,"2020-01-10T18:48:16"
75,"The40",131,"2022-10-06T13:07:52"
76,"He2",18,"2019-10-05T01:32:46"
77,"chal637",186,"2021-11-23T06:57:05"
78,"But24",202,"2019-12-03T15:03:53"
79,"The6",88,"2019-10-01T22:56:07"
80,"But55",77,"2022-03-23T01:14:52"
81,"pery",74,"2021-06-09T21:26:14"
82,"The",147,"2020-10-12T12:03:26"
83,"This",171,"2019-09-25T08:06:05"
84,"If699",124,"2021-11-17T23:52:28"
85,"calight",139,"2021-07-03T07:49:40"
86,"And",154,"2022-10-16T10:59:56"
87,"Your39",70,"2020-05-04T15:05:52"
88,"Sylvilip8",171,"2022-11-05T02:00:24"
89,"But",133,"2022-01-29T08:09:32"
90,"He61",32,"2022-12-07T16:10:38"
91,"I91",60,"2021-03-26T14:35:27"
92,"The43",127,"2022-11-01T18:12:44"
93,"The",196,"2022-05-09T13:15:58"
94,"When7",137,"2020-01-14T14:09:54"
95,"beatill",10,"2021-12-28T00:11:28"
96,"I433",185,"2021-11-24T10:37:33"
97,"They159",68,"2021-11-25T06:29:35"
98,"thoss",1,"2019-04-03T09:30:34"
99,"tort8",72,"2021-06-06T21:34:02"
100,"If63",7,"2020-11-06T12:51:21"